{"count":1,"self":4463.7089792,"total":6479.9900388999995,"children":{"AgentSendState":{"count":1134901,"self":97.5382272,"total":488.5608873,"children":{"CollectObservations":{"count":2723772,"self":32.746767999999996,"total":32.7467685,"children":null},"CollectDiscreteActionMasks":{"count":2723772,"self":12.2370744,"total":12.237074199999999,"children":null},"AgentInfo.ToProto":{"count":2723772,"self":34.364422399999995,"total":346.0388198,"children":{"GenerateSensorData":{"count":2723772,"self":107.8779904,"total":311.67439889999997,"children":{"RayPerceptionSensor.Perceive":{"count":8171316,"self":203.796416,"total":203.796412,"children":null}}}}}}},"DecideAction":{"count":1134901,"self":1475.385344,"total":1475.3853454999999,"children":null},"AgentAct":{"count":1134901,"self":51.9669088,"total":52.3339919,"children":{"AgentInfo.ToProto":{"count":2712,"self":0.047917299999999996,"total":0.3670834,"children":{"GenerateSensorData":{"count":2712,"self":0.1008038,"total":0.3191661,"children":{"RayPerceptionSensor.Perceive":{"count":8136,"self":0.21836229999999998,"total":0.21836229999999998,"children":null}}}}}}}},"gauges":{"Hummingbird.CumulativeReward":{"count":2712,"max":60.1060829,"min":-10.5,"runningAverage":23.5097466,"value":43.8056526,"weightedAverage":42.782135}},"metadata":{"timer_format_version":"0.1.0","start_time_seconds":"1592512178","unity_version":"2019.3.9f1","command_line_arguments":"D:\\Unity\\Editor\\2019.3.9f1\\Editor\\Unity.exe -projectpath D:\/OneDrive - Universitaet Bern\/_Unity_Projects\/Tutorial\/Hummingbirds -useHub -hubIPC -cloudEnvironment production -hubSessionId 9803c6a0-b191-11ea-9b81-2b6ded436e8b","communication_protocol_version":"1.0.0","com.unity.ml-agents_version":"1.0.2","scene_name":"Training","end_time_seconds":"1592518658"}}